{"freq_range": [1.9980019980019983, 29.970029970029973], "freq_res": 0.9990009990009989, "aperiodic_params_": [3.629175261853533, 1.7794245449463442], "gaussian_params_": [[2.680830586844716, 0.2028195521737182, 0.8970912573738339], [15.759573489622154, 0.21349323789555583, 1.537872670241306]], "peak_params_": [[2.680830586844716, 0.19060611728574095, 1.7941825147476678], [15.759573489622154, 0.21123165228684626, 3.075745340482612]], "r_squared_": 0.9955581104428526, "error_": 0.03191578294383484}
{"freq_range": [1.9980019980019983, 29.970029970029973], "freq_res": 0.9990009990009989, "aperiodic_params_": [3.3820729709989497, 1.8402136185202598], "gaussian_params_": [[4.016673373167075, 0.16919062539253812, 0.6667209292483313], [8.939290086301511, 0.13326399970816782, 1.5856007707232518], [16.49523083116947, 0.1204055691857173, 2.4999999999999996]], "peak_params_": [[4.016673373167075, 0.1701429103655392, 1.3334418584966625], [8.939290086301511, 0.13452395092804448, 3.1712015414465036], [16.49523083116947, 0.11813568915331252, 4.999999999999999]], "r_squared_": 0.9909209549372854, "error_": 0.046608958453302554}
{"freq_range": [1.9980019980019983, 29.970029970029973], "freq_res": 0.9990009990009989, "aperiodic_params_": [4.004020940650879, 1.9387683727595493], "gaussian_params_": [[11.301296619250168, 0.39063067616714736, 2.4999999999999996], [15.54962222122745, 0.34037406538156084, 0.7388483201749002], [19.21121331807811, 0.3008096979766062, 1.8783689926792035]], "peak_params_": [[11.301296619250168, 0.3876156952505627, 4.999999999999999], [15.54962222122745, 0.4227006483601867, 1.4776966403498004], [19.21121331807811, 0.30205498887994686, 3.756737985358407]], "r_squared_": 0.9862180404368693, "error_": 0.05862937999838016}
{"freq_range": [1.9980019980019983, 29.970029970029973], "freq_res": 0.9990009990009989, "aperiodic_params_": [3.909266405786614, 2.2810471344648646], "gaussian_params_": [[4.2650608682024505, 0.15570028660895557, 0.5000000000000001], [7.317431478866697, 0.2490530153644913, 0.917615130876833], [9.545167329701854, 0.14192130310107734, 0.5000639790759854], [11.580449049804052, 0.274084960895543, 0.5000000000001282], [15.050280909069004, 0.18508513222367806, 2.0271582402486175]], "peak_params_": [[4.2650608682024505, 0.13506935400451692, 1.0000000000000002], [7.317431478866697, 0.23403284312678463, 1.835230261753666], [9.545167329701854, 0.1090786661028047, 1.0001279581519709], [11.580449049804052, 0.25574696117508067, 1.0000000000002565], [15.050280909069004, 0.1849892304646683, 4.054316480497235]], "r_squared_": 0.9985327772835032, "error_": 0.020693667403392048}
{"freq_range": [1.9980019980019983, 29.970029970029973], "freq_res": 0.9990009990009989, "aperiodic_params_": [3.580115340262604, 1.9434570996847897], "gaussian_params_": [[4.798903770906943, 0.10631062873937626, 1.7269275105127317], [13.831560961655102, 0.056272530672855786, 1.1683719530182128]], "peak_params_": [[4.798903770906943, 0.10562740993909348, 3.4538550210254635], [13.831560961655102, 0.0557830522134215, 2.3367439060364257]], "r_squared_": 0.9985156595543239, "error_": 0.01942397531396415}
{"freq_range": [1.9980019980019983, 29.970029970029973], "freq_res": 0.9990009990009989, "aperiodic_params_": [3.6604986035967317, 2.309010610061861], "gaussian_params_": [[28.519948383962326, 0.13329288985475085, 2.499999999999982]], "peak_params_": [[28.519948383962326, 0.13114072596945675, 4.999999999999964]], "r_squared_": 0.9901678108103159, "error_": 0.05672639280132266}
{"freq_range": [1.9980019980019983, 29.970029970029973], "freq_res": 0.9990009990009989, "aperiodic_params_": [2.9207103982860962, 1.5484395733386491], "gaussian_params_": [], "peak_params_": [], "r_squared_": 0.995541767529645, "error_": 0.026832864122434363}
{"freq_range": [1.9980019980019983, 29.970029970029973], "freq_res": 0.9990009990009989, "aperiodic_params_": [2.673383828425389, 1.7409415236048353], "gaussian_params_": [[5.5165865874731, 0.3230690749182076, 0.6739838912078061], [7.288392794115494, 0.3090590632130496, 0.5000000000000001], [9.297910205233764, 0.25211227054708557, 0.5000000000000001], [15.309410604868358, 0.14562598173765828, 0.5000000000000001], [20.901352545080243, 0.12304080907611875, 1.552599412527741]], "peak_params_": [[5.5165865874731, 0.26221805725039604, 1.3479677824156122], [7.288392794115494, 0.28890387635222736, 1.0000000000000002], [9.297910205233764, 0.20976355208164255, 1.0000000000000002], [15.309410604868358, 0.11807372690946405, 1.0000000000000002], [20.901352545080243, 0.1228869518955954, 3.105198825055482]], "r_squared_": 0.9928412370856463, "error_": 0.0333126526630425}
{"freq_range": [1.9980019980019983, 29.970029970029973], "freq_res": 0.9990009990009989, "aperiodic_params_": [2.6182798656843427, 1.7130308415845088], "gaussian_params_": [[3.878725744323966, 0.25031108904305555, 0.7971401271912333], [6.846311881887615, 0.1450117651890421, 0.5000000000000001], [11.075455878378763, 0.14256531497729763, 0.6544043178142428]], "peak_params_": [[3.878725744323966, 0.24761666673433003, 1.5942802543824666], [6.846311881887615, 0.13902438748230628, 1.0000000000000002], [11.075455878378763, 0.1413268691248326, 1.3088086356284856]], "r_squared_": 0.9982805022087452, "error_": 0.017067508803330786}
