{"freq_range": [1.9980019980019983, 29.970029970029973], "freq_res": 0.9990009990009989, "aperiodic_params_": [5.147613211764746, 2.404344691668314], "gaussian_params_": [[14.403063705653999, 0.28513801586439136, 1.5424432224152638], [19.799291681409876, 0.09753234013064344, 2.3420075472863062]], "peak_params_": [[14.403063705653999, 0.27938327391785256, 3.0848864448305275], [19.799291681409876, 0.09765569094439908, 4.6840150945726124]], "r_squared_": 0.9974969625589974, "error_": 0.028581019965242684}
{"freq_range": [1.9980019980019983, 29.970029970029973], "freq_res": 0.9990009990009989, "aperiodic_params_": [4.273515692224857, 2.457012846952119], "gaussian_params_": [[4.445460183029302, 0.34624150752221033, 0.5000000000000001], [12.032980529707572, 0.03525319155115865, 0.5000000000000001], [13.90863538973816, 0.30956892450981705, 2.2845791405712177]], "peak_params_": [[4.445460183029302, 0.23118635824960032, 1.0000000000000002], [12.032980529707572, 0.2525243270202049, 1.0000000000000002], [13.90863538973816, 0.30940855444121307, 4.569158281142435]], "r_squared_": 0.9925324742802857, "error_": 0.053654059749937574}
{"freq_range": [1.9980019980019983, 29.970029970029973], "freq_res": 0.9990009990009989, "aperiodic_params_": [4.646008166708338, 2.0216826872426505], "gaussian_params_": [[5.624949387711588, 0.2001726619602333, 0.500000000000025], [10.785682627589171, 0.31435169395766144, 2.3706249666922545], [16.120497535070236, 0.3464913294141347, 2.4999999999999996], [19.75225571831462, 0.1408175258487483, 0.5000000000000001], [22.242793996853997, 0.1865231759865037, 0.5000000000000109]], "peak_params_": [[5.624949387711588, 0.19329708824058578, 1.00000000000005], [10.785682627589171, 0.3553496967633549, 4.741249933384509], [16.120497535070236, 0.3743728935820494, 4.999999999999999], [19.75225571831462, 0.2323503511650742, 1.0000000000000002], [22.242793996853997, 0.1843980882622951, 1.0000000000000218]], "r_squared_": 0.9925519503333958, "error_": 0.04440348023591213}
{"freq_range": [1.9980019980019983, 29.970029970029973], "freq_res": 0.9990009990009989, "aperiodic_params_": [4.3071220600751055, 2.465624229150526], "gaussian_params_": [[9.00090931188415, 0.24391891629243542, 1.8069344980862665], [13.870755929859639, 0.3082142133706397, 2.499999999999998]], "peak_params_": [[9.00090931188415, 0.28978659979753285, 3.613868996172533], [13.870755929859639, 0.313312509687631, 4.999999999999996]], "r_squared_": 0.9954277070213665, "error_": 0.041809307888927956}
{"freq_range": [1.9980019980019983, 29.970029970029973], "freq_res": 0.9990009990009989, "aperiodic_params_": [4.6547263395152845, 2.1490206566812837], "gaussian_params_": [], "peak_params_": [], "r_squared_": 0.9916099002273817, "error_": 0.0487813375681017}
{"freq_range": [1.9980019980019983, 29.970029970029973], "freq_res": 0.9990009990009989, "aperiodic_params_": [4.0791671399366205, 2.6181524772755504], "gaussian_params_": [[24.637789046482556, 0.11225109530634957, 2.499999999999999], [29.497947871634427, 0.21024633664075965, 0.5000000000000017]], "peak_params_": [[24.637789046482556, 0.111234439165665, 4.999999999999998], [29.497947871634427, 0.14617699042519783, 1.0000000000000033]], "r_squared_": 0.9927835188776318, "error_": 0.04896199820199525}
{"freq_range": [1.9980019980019983, 29.970029970029973], "freq_res": 0.9990009990009989, "aperiodic_params_": [3.185153398215959, 1.6908021068387438], "gaussian_params_": [[20.03291066721165, 0.06674992943685652, 0.5148429863091806]], "peak_params_": [[20.03291066721165, 0.06639862448383393, 1.0296859726183611]], "r_squared_": 0.9979774083699362, "error_": 0.018773177161895277}
{"freq_range": [1.9980019980019983, 29.970029970029973], "freq_res": 0.9990009990009989, "aperiodic_params_": [2.774620205673686, 1.5815316037864817], "gaussian_params_": [[6.465304779583581, 0.6080049807563355, 0.6570611947532686], [8.395206470181002, 0.3825009982932505, 0.5000000000000001], [13.049460212985899, 0.46673930169156985, 1.753866551289568], [17.767922070053437, 0.38798089264213564, 1.0119602554318623], [20.731823506343524, 0.3478678676548914, 1.0437595257711096]], "peak_params_": [[6.465304779583581, 0.4702420494411228, 1.3141223895065373], [8.395206470181002, 0.3245173292414869, 1.0000000000000002], [13.049460212985899, 0.46644906320279445, 3.507733102579136], [17.767922070053437, 0.3991593300051677, 2.0239205108637246], [20.731823506343524, 0.3407901198652372, 2.0875190515422193]], "r_squared_": 0.9970809565922673, "error_": 0.021928874898117488}
{"freq_range": [1.9980019980019983, 29.970029970029973], "freq_res": 0.9990009990009989, "aperiodic_params_": [4.760268141210315, 2.353976808303179], "gaussian_params_": [[11.042915484324379, 0.32312401138205876, 0.5000000000000001], [13.349002949575308, 0.3614515958681259, 0.5000000000000001], [15.837404019347103, 0.3948301074364188, 0.5881201795696243]], "peak_params_": [[11.042915484324379, 0.3212569105294176, 1.0000000000000002], [13.349002949575308, 0.27829215609565816, 1.0000000000000002], [15.837404019347103, 0.3827507179812617, 1.1762403591392485]], "r_squared_": 0.9824397594929682, "error_": 0.08253144376219733}
